description,resume_accept,resume_reject
"As a Data Architect, you will play a pivotal role in shaping the future of e-commerce.","Spencer May
Contact Information:

* Address: 123 Main St, Anytown, USA 12345
* Phone: (123) 456-7890
* Email: [spencer.may@email.com](mailto:spencer.may@email.com)
* LinkedIn: linkedin.com/in/spencermay

Professional Summary:
Highly skilled Data Architect with 8+ years of experience in designing, implementing, and managing large-scale data integration solutions across multiple platforms. Proven expertise in cloud data solutions, ETL tools, and data governance. Possess a strong technical background and excellent communication skills, with a passion for driving business value through data-driven insights.

Technical Summary:

* Strong expertise in data integration and ETL tools (Informatica, Talend, AWS Glue)
* Proficient in cloud data platforms (AWS, Azure, Google Cloud)
* Experienced in data governance, data quality, and data security
* Skilled in data modeling, data warehousing, and business intelligence
* Proficient in programming languages (Java, Python, SQL)

Professional Experience:

Senior Data Architect, ABC Corporation (2018-Present)

* Designed and implemented a cloud-based data warehouse solution using AWS Redshift and AWS Glue, resulting in a 30% reduction in data processing time and a 25% increase in data quality
* Led a team of 3 data engineers to develop and deploy a data integration pipeline using Informatica PowerCenter, covering over 100 data sources and 50 data targets
* Collaborated with business stakeholders to define data governance policies and procedures, ensuring data quality and compliance with regulatory requirements
* Developed and maintained data models, data dictionaries, and data catalogs to support data-driven decision-making across the organization

Data Architect, DEF Company (2015-2018)

* Designed and implemented an ETL solution using Talend, covering over 50 data sources and 20 data targets, resulting in a 50% reduction in data processing time
* Collaborated with data scientists to develop and deploy machine learning models using AWS SageMaker, improving predictive accuracy by 20%
* Provided technical guidance and support to junior data engineers, ensuring successful delivery of data integration projects
* Participated in data architecture reviews and provided recommendations for data governance and data quality improvements

Education:

* Bachelor of Science in Computer Science, XYZ University (2010-2014)

Certifications:

* Certified Data Architect, Data Science Council of America (2019)
* Certified Cloud Data Architect, AWS (2018)

Skills:

* Data integration and ETL tools (Informatica, Talend, AWS Glue)
* Cloud data platforms (AWS, Azure, Google Cloud)
* Data governance, data quality, and data security
* Data modeling, data warehousing, and business intelligence
* Programming languages (Java, Python, SQL)
* Agile development methodologies

Achievements:

* Winner of the ABC Corporation's ""Innovation Award"" (2020) for designing and implementing a cloud-based data warehouse solution
* Featured speaker at the DEF Company's ""Data Science Conference"" (2017) on ""Designing Scalable Data Integration Pipelines""
* Published article on ""Cloud Data Architecture: Best Practices and Pitfalls"" in a reputable industry magazine (2019)

References:
Available upon request.","Shelly Garrett
Contact Information:

* Phone: (555) 123-4567
* Email: [shelly.garrett@email.com](mailto:shelly.garrett@email.com)
* LinkedIn: linkedin.com/in/shellygarrett
* GitHub: github.com/shellygarrett

Professional Summary:

Highly accomplished Data Architect with 8+ years of experience in designing, implementing, and optimizing data architectures to drive business growth and innovation. Skilled in data modeling, data integration, big data, and cloud data solutions. Proven track record of delivering high-quality solutions on time and on budget, with expertise in leveraging data to drive strategic decision-making.

Technical Summary:

* Strong proficiency in data modeling and data warehousing using various tools and technologies, including Oracle, SQL Server, and Amazon Redshift
* Experience with big data technologies, including Hadoop, Spark, and NoSQL databases
* Expertise in cloud data solutions, including Amazon Web Services (AWS) and Microsoft Azure
* Strong understanding of data integration and ETL (Extract, Transform, Load) processes, with experience using tools like Informatica and Talend
* Skilled in data governance, data security, and compliance, with expertise in implementing data quality and data validation processes

Professional Experience:

Senior Data Architect, ABC Corporation (2018-Present)

* Designed and implemented a scalable data architecture using AWS and Oracle, resulting in 30% reduction in data processing time and 25% increase in data quality
* Led a team of 3 data engineers in developing and deploying a big data analytics platform using Hadoop and Spark, resulting in 50% increase in business insights and 40% reduction in costs
* Collaborated with cross-functional teams to develop and implement a cloud-based data warehousing solution using Amazon Redshift, resulting in 25% reduction in data storage costs and 30% increase in reporting speed

Data Architect, DEF Company (2015-2018)

* Designed and implemented a data integration platform using Informatica and Talend, resulting in 40% reduction in data latency and 20% increase in data quality
* Led a team of 2 data engineers in developing and deploying a data governance framework, resulting in 25% reduction in data errors and 30% increase in data compliance
* Collaborated with business stakeholders to develop and implement a data analytics platform using SQL Server and Power BI, resulting in 50% increase in business insights and 40% reduction in costs

Education and Certifications:

* Bachelor's Degree in Computer Science, XYZ University (2010-2014)
* Certified Data Architect, Data Science Council of America (2016)
* Certified Big Data Engineer, IBM (2017)

Skills:

* Data modeling and data warehousing
* Big data technologies (Hadoop, Spark, NoSQL)
* Cloud data solutions (AWS, Azure)
* Data integration and ETL
* Data governance and compliance
* Data security and validation
* Programming languages (Python, Java, SQL)
* Agile development methodologies

Achievements:

* Winner of the 2019 Data Architect of the Year award at the Data Science Council of America conference
* Published several papers on data architecture and big data analytics in industry-leading journals
* Presented at various industry conferences on topics related to data architecture and cloud data solutions

References:

Available upon request."
"If you're passionate about cloud technologies, we need your expertise to help us deliver impactful products as a Blockchain Developer.","Debbie Mendoza
Blockchain Developer

Contact Information:

* Email: [debbie.mendoza@email.com](mailto:debbie.mendoza@email.com)
* Phone: 555-555-5555
* LinkedIn: linkedin.com/in/debbiemendoza
* GitHub: github.com/debbiemendoza

Professional Summary:
Highly skilled Blockchain Developer with 3+ years of experience in designing, developing, and deploying decentralized applications using Ethereum and Web3.js. Proven track record of building scalable, secure, and efficient smart contracts. Strong understanding of Web3 technologies and their applications in various industries.

Technical Skills:

* Programming languages: Solidity, JavaScript, HTML/CSS
* Blockchain platforms: Ethereum
* Smart contract development frameworks: Truffle, OpenZeppelin
* Web3 libraries: Web3.js, Ethers.js
* Development tools: Remix, Ganache, MetaMask
* Operating Systems: Windows, Linux
* Agile methodologies: Scrum, Kanban

Professional Experience:

Blockchain Developer, ABC Corporation (2018-Present)

* Designed and developed multiple decentralized applications (dApps) using Ethereum and Web3.js
* Built and deployed smart contracts using Solidity and Truffle
* Collaborated with the development team to integrate Web3 technologies into existing systems
* Implemented security measures to protect against vulnerabilities and attacks
* Participated in code reviews and ensured high-quality code

Senior Developer, DEF Agency (2015-2018)

* Led a team of developers in the design and development of multiple blockchain-based projects
* Developed and maintained a range of smart contracts using Solidity and OpenZeppelin
* Conducted workshops and training sessions on blockchain development and Web3 technologies
* Collaborated with clients to understand their needs and provide tailored solutions

Education:

* Bachelor of Science in Computer Science, XYZ University (2015)

Achievements:

* Successfully completed the Ethereum Developer Challenge and won a prize for the best smart contract
* Published a paper on ""Ethereum Smart Contract Security"" at the Blockchain Conference 2020
* Developed and open-sourced a Web3.js library for simpler smart contract interactions
* Collaborated with a team to develop a blockchain-based voting system for a government organization

Certifications:

* Ethereum Developer Certification, Ethereum Foundation (2019)
* Certified Blockchain Developer, Blockchain Council (2018)

References:
Available upon request.","April Ellis
Blockchain Developer

Contact Information:

* Email: [april.ellis@email.com](mailto:april.ellis@email.com)
* Phone: 555-555-5555
* LinkedIn: linkedin.com/in/april-ellis
* GitHub: github.com/april-ellis

Professional Summary:

Highly motivated and experienced Blockchain Developer with expertise in Ethereum, Smart Contracts, Cryptography, and Web3.js. Proven track record of designing and implementing secure and scalable blockchain solutions for various industries. Skilled in a range of programming languages, including Solidity, JavaScript, and Python.

Technical Skills:

* Programming languages: Solidity, JavaScript, Python, Ethereum Virtual Machine (EVM)
* Blockchain platforms: Ethereum, Hyperledger Fabric
* Development frameworks: Web3.js, Truffle Suite
* Cryptography: Hash functions, Digital signatures, Elliptic Curve Cryptography (ECC)
* Agile development methodologies: Scrum, Kanban

Professional Experience:

Blockchain Developer, CryptoTech Inc. (2020-Present)

* Designed and developed multiple blockchain-based applications for finance, supply chain, and gaming industries
* Implemented secure and scalable Smart Contracts using Solidity and Ethereum Virtual Machine (EVM)
* Collaborated with cross-functional teams to integrate blockchain solutions with existing systems
* Conducted code reviews and ensured adherence to best practices and security standards

Senior Developer, Blockchain Solutions (2018-2020)

* Led the development of a blockchain-based supply chain management system for a Fortune 500 company
* Developed and maintained multiple Smart Contracts using Web3.js and Truffle Suite
* Collaborated with the QA team to ensure the quality and security of the blockchain solutions
* Provided technical guidance and mentorship to junior developers

Education:

* Bachelor of Science in Computer Science, XYZ University (2015-2019)

Certifications:

* Certified Blockchain Developer (CBD), Blockchain Council (2020)
* Certified Cryptography Specialist (CCS), (ISC)2 (2019)

Achievements:

* Winner, Blockchain Hackathon (2020): Developed a blockchain-based voting system using Ethereum and Web3.js
* Featured Speaker, Blockchain Conference (2019): Presented a talk on ""Secure Smart Contract Development""
* Published Research Paper, Journal of Blockchain Research (2018): ""Designing Secure and Scalable Blockchain Solutions""

Projects:

* Blockchain-based Voting System: Developed a blockchain-based voting system using Ethereum and Web3.js
* Supply Chain Management System: Developed a blockchain-based supply chain management system for a Fortune 500 company
* Smart Contract Audit Tool: Developed a Smart Contract audit tool using Truffle Suite and Web3.js

References:

Available upon request."
"Be part of a passionate team at the forefront of machine learning as a IT Support Specialist, delivering solutions that shape the future.","Mitchell Livingston
Contact Information:

* Address: 123 Main St, Anytown, USA 12345
* Phone: (555) 555-5555
* Email: [mitchell.livingston@email.com](mailto:mitchell.livingston@email.com)
* LinkedIn: linkedin.com/in/mitchelllivingston

Professional Summary:
Highly skilled and experienced IT professional with 5+ years of experience in troubleshooting, hardware/software knowledge, and networking. Proven track record of providing exceptional technical support to users, resolving complex technical issues, and ensuring seamless IT operations. Possess excellent communication and problem-solving skills, with a strong passion for staying up-to-date with the latest IT technologies.

Technical Skills:

* Operating Systems: Windows, macOS, Linux
* Hardware: PCs, laptops, printers, and other peripherals
* Software: Microsoft Office, Adobe Creative Suite, antivirus software, and other productivity tools
* Networking: TCP/IP, DNS, DHCP, firewalls, and VPNs
* Troubleshooting: root cause analysis, problem-solving, and escalation procedures
* Help Desk Software: ServiceNow, Zendesk, and JIRA

Professional Experience:

IT Support Specialist, ABC Corporation (2018-Present)

* Provide technical support to employees, resolving hardware, software, and networking issues
* Analyze and troubleshoot complex technical problems, escalating to senior engineers as needed
* Collaborate with vendors and external partners to resolve technical issues and improve IT operations
* Develop and maintain IT documentation, including knowledge base articles and user guides
* Participated in IT projects, including the implementation of new software and hardware systems

Junior IT Support Specialist, DEF University (2015-2018)

* Assisted IT staff with troubleshooting and resolving technical issues
* Provided technical support to students and faculty, using help desk software to track and resolve issues
* Assisted with the implementation of new IT systems and software
* Developed and maintained IT documentation, including user guides and knowledge base articles

Education:

* Bachelor's Degree in Computer Science, XYZ University (2015)

Achievements:

* Successfully reduced the average time to resolve technical issues by 30% through the implementation of a new help desk software and process
* Improved IT documentation and knowledge base articles, resulting in a 25% reduction in repeat issues
* Collaborated with vendors to resolve complex technical issues, resulting in a 95% customer satisfaction rate
* Participated in the implementation of a new IT project, resulting in a 20% reduction in IT costs and a 15% increase in productivity

Certifications/Awards:

* CompTIA A+ Certification (2016)
* Microsoft Certified Professional (MCP) Certification (2018)
* Recipient of the ABC Corporation IT Support Specialist of the Year Award (2020)

References:
Available upon request.","Shawn Sanchez
Contact Information:

* Address: 123 Main St, Anytown, USA 12345
* Phone: (555) 555-5555
* Email: [shawn.sanchez@email.com](mailto:shawn.sanchez@email.com)
* LinkedIn: linkedin.com/in/shawnsanchez

Professional Summary:
Highly motivated and detail-oriented IT professional with 5+ years of experience in troubleshooting, technical support, and hardware/software knowledge. Proven track record of resolving complex technical issues and providing excellent customer service. Skilled in networking, operating systems, and software applications. Seeking a challenging role as an IT Support Specialist where I can utilize my skills to drive business growth and customer satisfaction.

Technical Skills:

* Operating Systems: Windows, macOS, Linux
* Networking: TCP/IP, DNS, DHCP, Firewall, VPN
* Hardware: Desktops, Laptops, Servers, Printers, Scanners
* Software: Microsoft Office, Adobe Creative Suite, Antivirus Software
* Troubleshooting Tools: Wireshark, NSLOOKUP, Ping, Tracert

Work Experience:

IT Support Specialist
ABC Corporation (2018-Present)

* Provide technical support to end-users via phone, email, and in-person
* Troubleshoot and resolve complex technical issues with hardware, software, and network equipment
* Install, configure, and maintain operating systems, software applications, and network devices
* Collaborate with IT team to resolve critical issues and improve overall IT infrastructure
* Achieved an average first-call resolution rate of 85% and a customer satisfaction rating of 95%

Technical Support Specialist
XYZ Inc. (2015-2018)

* Responded to technical support requests via phone, email, and online chat
* Troubleshot and resolved technical issues with hardware, software, and network equipment
* Collaborated with IT team to develop and implement technical documentation and knowledge base
* Participated in on-call rotation to provide 24/7 technical support
* Successfully reduced average ticket resolution time by 30% through process improvements and technical training

Education:

* Bachelor's Degree in Computer Science, Anytown University (2015)

Certifications:

* CompTIA A+ (2015)
* Cisco CCNA Routing and Switching (2017)

Achievements:

* Recipient of the ABC Corporation IT Support Team of the Year Award (2020)
* Completed a company-wide IT audit and implemented process improvements resulting in a 25% reduction in IT support requests (2019)
* Developed and implemented a technical documentation and knowledge base for the IT team, resulting in a 30% reduction in first-call resolution time (2018)

Professional Memberships:

* CompTIA Member
* IEEE Member

References:
Available upon request."
"Help us build the next-generation products as a Business Analyst and work with a dynamic, cross-functional team.","Michael Goodman
Contact Information:

* Phone: (555) 123-4567
* Email: [michael.goodman@email.com](mailto:michael.goodman@email.com)
* LinkedIn: linkedin.com/in/michaelgoodman

Professional Summary:
Results-driven Business Analyst with 5+ years of experience in data analysis, problem-solving, and stakeholder communication. Proven track record of driving business growth through data-driven insights and process improvements. Skilled in SQL, data visualization, and stakeholder engagement.

Technical Skills:

* Data Analysis: SQL, Excel, Tableau, Power BI
* Data Visualization: Tableau, Power BI
* Programming: Python, R
* Operating Systems: Windows, Linux
* Collaboration Tools: MS Office, Asana, Jira

Work Experience:

Business Analyst, ABC Corporation (2018-Present)

* Collaborated with cross-functional teams to analyze business needs and develop data-driven solutions
* Conducted data analysis and created reports to inform business decisions
* Developed and maintained SQL databases to support business intelligence initiatives
* Presented findings and recommendations to senior leadership and stakeholders
* Improved process efficiency by 25% through data-driven process improvements

Data Analyst, DEF Company (2015-2018)

* Analyzed large datasets to identify trends and insights
* Developed and maintained data visualization dashboards using Tableau
* Created reports and presentations to communicate findings to stakeholders
* Collaborated with business stakeholders to identify data needs and develop data solutions
* Improved data quality by 30% through data validation and data cleansing efforts

Education:

* Bachelor's Degree in Business Administration, XYZ University (2015)

Certifications:

* Certified Business Analyst Professional (CBAP), Institute of Certified Business Analysts (2019)
* Certified Data Analyst, Data Science Council of America (2018)

Achievements:

* Winner, ABC Corporation's Innovation Award (2019) for developing a data-driven solution that improved process efficiency by 25%
* Recipient, DEF Company's Excellence in Data Analysis Award (2017) for identifying key trends and insights that informed business decisions
* Published, ""The Power of Data-Driven Decision Making,"" in a industry journal (2019)

References:
Available upon request.","Michelle Byrd
Contact Information:

* Email: [michelle.byrd@email.com](mailto:michelle.byrd@email.com)
* Phone: 555-555-5555
* LinkedIn: linkedin.com/in/michellebyrd

Summary:
Results-driven Business Analyst with 5+ years of experience in data analysis, problem-solving, and communication. Proven track record of driving business growth through data-driven insights and strategic recommendations. Skilled in data visualization, statistical modeling, and stakeholder management.

Professional Experience:

Business Analyst, ABC Corporation (2018-Present)

* Conducted data analysis and statistical modeling to identify trends and patterns in customer behavior, leading to a 25% increase in sales revenue
* Developed and presented data-driven insights to senior leadership, resulting in informed business decisions and strategic investments
* Collaborated with cross-functional teams to design and implement process improvements, resulting in a 30% reduction in operational costs
* Created and maintained reports, dashboards, and data visualizations to communicate complex data insights to stakeholders

Data Analyst, DEF Solutions (2015-2018)

* Collected, analyzed, and interpreted large datasets to inform business decisions, resulting in a 15% reduction in project timelines
* Developed and maintained databases, data models, and data visualizations to support business intelligence initiatives
* Worked with stakeholders to identify data requirements and develop data-driven solutions, resulting in a 20% increase in customer satisfaction
* Presented data insights and recommendations to senior leadership, resulting in informed business decisions

Education:

* Bachelor's Degree in Business Administration, XYZ University (2015)
* Certified Data Analyst (CDA), Data Science Council of America (2017)

Skills:

* Data analysis and statistical modeling
* Data visualization and reporting
* Stakeholder management and communication
* Process improvement and project management
* SQL, Microsoft Excel, Tableau, Power BI
* Strong problem-solving and analytical skills

Achievements:

* Winner of the 2019 ABC Corporation Business Analyst of the Year Award
* Featured speaker at the 2018 Data Science Conference
* Published author in the Journal of Business Intelligence, ""Data-Driven Decision Making: A Case Study""

Certifications:

* Certified Data Analyst (CDA), Data Science Council of America (2017)
* Certified Business Analyst (CBA), International Institute of Business Analysis (2016)

References:
Available upon request."
"As a Cloud Engineer, you will play a pivotal role in shaping the future of e-commerce.","Jennifer Sherman
Contact Information:

* Phone: (555) 123-4567
* Email: [jennifer.sherman@email.com](mailto:jennifer.sherman@email.com)
* LinkedIn: linkedin.com/in/jennifersherrman
* GitHub: github.com/jennifersherrman

Professional Summary:
Highly motivated and experienced Cloud Engineer with a strong background in Serverless Architecture, Cloud Networking, and Scripting. Proven track record of delivering scalable, secure, and efficient cloud solutions. Skilled in designing and implementing cloud infrastructure, migrating on-premises applications to the cloud, and optimizing cloud costs.

Technical Skills:

* Serverless Architecture: Amazon Lambda, Azure Functions, Google Cloud Functions
* Cloud Networking: AWS VPC, Azure Virtual Network, Google Cloud Networking
* Scripting: Python, Node.js, Bash
* Cloud Platforms: AWS, Azure, Google Cloud
* Operating Systems: Windows, Linux
* Agile Methodologies: Scrum, Kanban

Professional Experience:

Cloud Engineer, ABC Corporation (2018-Present)

* Designed and implemented serverless architectures for multiple applications, resulting in 30% reduction in costs and 25% increase in scalability
* Migrated on-premises applications to the cloud, resulting in 40% reduction in infrastructure costs and 20% increase in application performance
* Configured and managed cloud networking infrastructure, including VPCs, subnets, and security groups
* Developed and deployed automation scripts using Python, Node.js, and Bash to streamline cloud operations and reduce manual errors
* Collaborated with cross-functional teams to design and implement cloud-based solutions, resulting in improved collaboration and reduced project timelines

Senior Cloud Engineer, DEF Consulting (2015-2018)

* Led a team of cloud engineers in designing and implementing cloud infrastructure for multiple clients, resulting in 50% reduction in costs and 30% increase in scalability
* Developed and taught cloud computing training courses for clients and internal teams, resulting in improved cloud adoption and reduced training costs
* Designed and implemented cloud security solutions, including identity and access management, encryption, and monitoring
* Collaborated with clients to design and implement cloud-based solutions, resulting in improved collaboration and reduced project timelines

Education:

* Bachelor of Science in Computer Science, XYZ University (2010-2014)

Certifications:

* AWS Certified Solutions Architect - Associate
* Azure Certified Solutions Architect
* Google Cloud Certified - Professional Cloud Developer

Achievements:

* Winner of the 2019 AWS Cloud Solutions Architect competition
* Speaker at the 2018 AWS re:Invent conference
* Featured in the 2020 Cloud Computing magazine as a ""Cloud Computing Expert to Watch""
* Published multiple blog posts and articles on cloud computing best practices and trends

References:
Available upon request.","Jessica Mcdonald
Cloud Engineer

Contact Information:

* Email: [jessicamcdonald@email.com](mailto:jessicamcdonald@email.com)
* Phone: 123-456-7890
* LinkedIn: linkedin.com/in/jessicamcdonald

Summary:
Highly motivated and experienced Cloud Engineer with a strong background in Cloud Cost Optimization, Serverless Architecture, and Cloud Networking. Proven track record of delivering scalable, secure, and cost-effective cloud solutions for enterprise-level organizations. Skilled in multiple cloud platforms, including AWS and Azure. Seeking a challenging role that leverages my technical expertise and passion for cloud computing.

Technical Skills:

* Cloud Platforms: AWS (EC2, S3, Lambda, CloudFormation), Azure (VMs, Storage, Networking)
* Cloud Cost Optimization: Cost estimation, rightsizing, and cost savings
* Serverless Architecture: Design, deployment, and management of serverless applications
* Cloud Networking: VPCs, Subnets, Routes, Security Groups, Load Balancers
* Programming Languages: Python, Java, C#
* Tools: Terraform, CloudFormation, AWS CLI, Azure CLI

Professional Experience:

Cloud Engineer, ABC Corporation (2020-Present)

* Designed and deployed multiple serverless applications on AWS, resulting in 30% reduction in costs
* Optimized cloud infrastructure for a large enterprise client, reducing costs by 25% and improving performance by 20%
* Collaborated with cross-functional teams to implement cloud-based solutions, ensuring seamless integration with existing systems
* Provided technical guidance and support to development teams on cloud-related matters

Senior Cloud Engineer, DEF Startups (2018-2020)

* Led the development of a cloud-based platform on Azure, resulting in a 40% increase in revenue
* Designed and implemented cloud networking solutions, ensuring high availability and scalability
* Conducted cloud cost optimization workshops for clients, resulting in an average cost savings of 20%
* Mentored junior engineers on cloud computing concepts and best practices

Education:

* Bachelor of Science in Computer Science, XYZ University (2015-2019)

Certifications:

* AWS Certified Solutions Architect - Associate
* AWS Certified Developer - Associate
* Azure Certified Solutions Engineer - Associate

Achievements:

* Winner of the AWS re:Invent 2019 Hackathon, ""Cloud Cost Optimization Challenge""
* Featured speaker at the 2020 Cloud Computing Conference, ""Serverless Architecture for Scalable Applications""
* Published author on cloud computing topics, including ""Cloud Cost Optimization Best Practices"" and ""Serverless Architecture for Enterprise Applications""

References:
Available upon request."
